{
 "xcoll": [
  "0.9.4"
 ],
 "momentum": 6799999935271.6045,
 "beam_type": 2212,
 "num_initial": 5000,
 "tot_energy_initial": 3.3999999676358024e+16,
 "cold_regions": null,
 "warm_regions": [
  [
   0.0,
   22.5365
  ],
  [
   54.853,
   152.489
  ],
  [
   172.1655,
   192.4
  ],
  [
   199.4847,
   224.3
  ],
  [
   3095.45428,
   3155.62858
  ],
  [
   3167.74008,
   3188.43308
  ],
  [
   3211.44458,
   3263.86758
  ],
  [
   3309.90008,
   3354.97408
  ],
  [
   3401.00558,
   3453.42858
  ],
  [
   3476.44008,
   3494.06558
  ],
  [
   3505.88528,
   3568.31858
  ],
  [
   6405.4088,
   6457.9138
  ],
  [
   6468.7785,
   6859.5138
  ],
  [
   6870.3785,
   6923.5338
  ],
  [
   9735.90702,
   9824.73052
  ],
  [
   9830.83202,
   9861.73052
  ],
  [
   9878.73202,
   9939.98552
  ],
  [
   9950.54802,
   10043.462
  ],
  [
   10054.0245,
   10115.278
  ],
  [
   10132.2795,
   10163.9705
  ],
  [
   10170.072,
   10257.603
  ],
  [
   13104.9892,
   13129.8045
  ],
  [
   13136.8892,
   13157.1237
  ],
  [
   13176.8002,
   13271.6472
  ],
  [
   13306.7527,
   13351.8257
  ],
  [
   13386.9312,
   13481.7782
  ],
  [
   13501.4547,
   13522.7845
  ],
  [
   13529.8692,
   13554.6845
  ],
  [
   16394.6378,
   16450.8713
  ],
  [
   16456.9728,
   16487.2713
  ],
  [
   16493.3728,
   16830.8713
  ],
  [
   16836.9728,
   16867.2713
  ],
  [
   16873.3728,
   16928.2948
  ],
  [
   19734.8504,
   19760.6997
  ],
  [
   19771.5644,
   20217.9087
  ],
  [
   20228.7734,
   20252.9744
  ],
  [
   23089.9797,
   23138.577
  ],
  [
   23150.3967,
   23171.3755
  ],
  [
   23194.387,
   23246.81
  ],
  [
   23292.8425,
   23337.9155
  ],
  [
   23383.948,
   23436.371
  ],
  [
   23459.3825,
   23480.0825
  ],
  [
   23492.194,
   23553.116
  ],
  [
   26433.4879,
   26458.3032
  ],
  [
   26465.3879,
   26486.7177
  ],
  [
   26506.3942,
   26601.2412
  ],
  [
   26636.3467,
   2.66588832
  ]
 ],
 "s_range": {
  "full": [
   0.0,
   26658.883176584142
  ],
  "betatron": [
   19394,
   20594
  ],
  "momentum": [
   6065,
   7265
  ],
  "dump": [
   16062,
   17262
  ],
  "injection": [
   2890,
   3775
  ],
  "IP1": [
   26216,
   443
  ],
  "IP2": [
   2890,
   3775
  ],
  "IP5": [
   12886,
   13773
  ],
  "IP8": [
   22884,
   23770
  ]
 },
 "machine_length": 26658.883176584142,
 "interpolation": 0.1,
 "reversed": false,
 "collimator": {
  "name": [
   "tctph.4l5.b1",
   "tcp.d6l7.b1",
   "tcp.c6l7.b1",
   "tcp.b6l7.b1",
   "tcsg.a6l7.b1",
   "tcsg.b5l7.b1",
   "tcsg.a5l7.b1",
   "tcsg.d4l7.b1",
   "tcspm.b4l7.b1",
   "tcsg.a4l7.b1",
   "tcsg.a4r7.b1",
   "tcsg.b5r7.b1",
   "tcsg.d5r7.b1",
   "tcspm.e5r7.b1",
   "tcspm.6r7.b1",
   "tcla.a6r7.b1",
   "tcla.b6r7.b1",
   "tcla.c6r7.b1",
   "tcla.d6r7.b1"
  ],
  "n": [
   1.0,
   3.0,
   2490.0,
   231.0,
   623.0,
   168.0,
   76.0,
   41.0,
   35.0,
   22.0,
   22.0,
   24.0,
   27.0,
   21.0,
   29.0,
   6.0,
   2.0,
   1.0,
   2.0
  ],
  "e": [
   6781595127969.592,
   16414543955558.254,
   1.4423840342206526e+16,
   785063194658592.1,
   1643285370025201.8,
   892040531637183.6,
   322493504413590.3,
   195575717469755.25,
   198249397382793.97,
   127271433048307.44,
   107077176308379.6,
   140008453450842.3,
   131087680569046.33,
   111594975155605.33,
   171445681489909.97,
   21952362560048.637,
   1917892131137.5156,
   5591418117583.367,
   12182425211069.691
  ],
  "length": [
   1.0,
   0.6,
   0.6,
   0.6,
   1.0,
   1.0,
   1.0,
   1.0,
   1.0,
   1.0,
   1.0,
   1.0,
   1.0,
   1.0,
   1.0,
   1.0,
   1.0,
   1.0,
   1.0
  ],
  "s": [
   13181.344217181802,
   19789.184382521118,
   19791.18438237512,
   19793.18438222912,
   19832.678880613126,
   19891.906380613127,
   19895.906380613127,
   19917.23638061313,
   19989.16238061313,
   19991.16238061313,
   19995.16238061313,
   20086.418380613126,
   20102.418380613126,
   20108.418380613126,
   20143.023380613125,
   20148.089380613128,
   20178.96338010613,
   20212.23237811213,
   20214.23237811213
  ],
  "type": [
   "FlukaCollimator",
   "FlukaCollimator",
   "FlukaCollimator",
   "FlukaCollimator",
   "FlukaCollimator",
   "FlukaCollimator",
   "FlukaCollimator",
   "FlukaCollimator",
   "FlukaCollimator",
   "FlukaCollimator",
   "FlukaCollimator",
   "FlukaCollimator",
   "FlukaCollimator",
   "FlukaCollimator",
   "FlukaCollimator",
   "FlukaCollimator",
   "FlukaCollimator",
   "FlukaCollimator",
   "FlukaCollimator"
  ]
 },
 "aperture": {
  "idx_bins": [
   198143,
   198148,
   198155,
   198160,
   198161,
   198162,
   198165,
   198172,
   198174,
   198177,
   198182,
   198183,
   198187,
   198207,
   198209,
   198211,
   198212,
   198213,
   198223,
   198233,
   198238,
   198239,
   198244,
   198248,
   198250,
   198251,
   198252,
   198253,
   198255,
   198258,
   198260,
   198261,
   198297,
   198299,
   198301,
   198305,
   198306,
   198308,
   198309,
   198310,
   198311,
   198312,
   198313,
   198314,
   198315,
   198316,
   198317,
   198318,
   198319,
   198342,
   198343,
   198346,
   198350,
   198354,
   198355,
   198372,
   198385,
   198392,
   198431,
   198438,
   198439,
   198441,
   198447,
   198450,
   198452,
   198461,
   198464,
   198481,
   198484,
   198485,
   198486,
   198489,
   198491,
   198492,
   198493,
   198498,
   198500,
   198512,
   198531,
   198536,
   198537,
   198544,
   198555,
   198556,
   198560,
   198561,
   198567,
   198568,
   198569,
   198572,
   198573,
   198574,
   198585,
   198587,
   198589,
   198590,
   198592,
   198606,
   198607,
   198608,
   198609,
   198610,
   198612,
   198613,
   198614,
   198623,
   198625,
   198629,
   198630,
   198631,
   198641,
   198645,
   198648,
   198650,
   198651,
   198659,
   198671,
   198679,
   198682,
   198688,
   198700,
   198708,
   198709,
   198710,
   198723,
   198724,
   198726,
   198728,
   198867,
   199079,
   199081,
   199156,
   199253,
   199582,
   199671,
   199687,
   200247,
   200320,
   200409,
   200471,
   200510,
   200523,
   200674,
   202932,
   203203
  ],