{
 "__class__": "K2Collimator",
 "active_length": 1,
 "inactive_front": 0,
 "inactive_back": 0,
 "angle": 10.8,
 "onesided": 0,
 "reference_center": [
  -2.9156505493542816e-07,
  -7.142261562097343e-07
 ],
 "jaw": [
  0.0007940291926246835,
  -0.0014860291926246834
 ],
 "material": {
  "__class__": "Material",
  "name": "MolybdenumGraphite",
  "Z": 6.65,
  "A": 13.53,
  "density": 2.5,
  "excitation_energy": 8.71e-08,
  "nuclear_radius": 0.25,
  "nuclear_elastic_slope": 76.7,
  "cross_section": [
   0.362,
   0.247,
   0,
   0,
   0,
   9.4e-05
  ],
  "hcut": 0.02,
  "radiation_length": 0.1193
 }
}