{
 "__class__": "PyEverestCollimator",
 "active_length": 1,
 "inactive_front": 0,
 "inactive_back": 0,
 "angle": 130.5,
 "onesided": 0,
 "reference_center": [
  9.39996355664308e-07,
  1.5027761417645474e-07
 ],
 "jaw": [
  0.002331906078217973,
  -0.0006219060782179728
 ],
 "material": {
  "__class__": "Material",
  "name": "MolybdenumGraphite",
  "Z": 6.65,
  "A": 13.53,
  "density": 2.5,
  "excitation_energy": 8.71e-08,
  "nuclear_radius": 0.25,
  "nuclear_elastic_slope": 76.7,
  "cross_section": [
   0.362,
   0.247,
   0,
   0,
   0,
   9.4e-05
  ],
  "hcut": 0.02,
  "radiation_length": 0.1193
 }
}